{"cameraMode":{"drawMode":0,"name":"Shaded","section":"Shading Mode"},"sceneLighting":false,"audioPlay":false,"sceneViewState":{"showFog":true,"showMaterialUpdate":true,"showSkybox":false,"showFlares":true,"showImageEffects":true,"showParticleSystems":true},"in2DMode":false,"pivot":{"x":45.83132553100586,"y":-5.961757659912109,"z":904.6314086914063},"rotation":{"x":-0.04008841887116432,"y":0.9589548110961914,"z":-0.17539054155349732,"w":-0.21918199956417085},"size":15.317069053649903,"orthographic":false}