{"cameraMode":{"drawMode":0,"name":"Shaded","section":"Shading Mode"},"sceneLighting":true,"audioPlay":false,"sceneViewState":{"showFog":true,"showMaterialUpdate":true,"showSkybox":true,"showFlares":true,"showImageEffects":true,"showParticleSystems":true},"in2DMode":false,"pivot":{"x":68.89208984375,"y":1.4473876953125,"z":-34.13330078125},"rotation":{"x":0.1194959357380867,"y":0.2539092004299164,"z":-0.03157167509198189,"w":0.959425687789917},"size":1.613599181175232,"orthographic":true}