{"cameraMode":{"drawMode":0,"name":"Shaded","section":"Shading Mode"},"sceneLighting":false,"audioPlay":false,"sceneViewState":{"showFog":true,"showMaterialUpdate":true,"showSkybox":false,"showFlares":true,"showImageEffects":true,"showParticleSystems":true},"in2DMode":false,"pivot":{"x":-37.12309646606445,"y":0.45000001788139346,"z":-23.0},"rotation":{"x":0.07286756485700607,"y":0.4654642939567566,"z":-0.0384863056242466,"w":0.8812282085418701},"size":0.5627788305282593,"orthographic":true}