{"cameraMode":{"drawMode":0,"name":"Shaded","section":"Shading Mode"},"sceneLighting":false,"audioPlay":false,"sceneViewState":{"showFog":true,"showMaterialUpdate":true,"showSkybox":false,"showFlares":true,"showImageEffects":true,"showParticleSystems":true},"in2DMode":false,"pivot":{"x":-17.5,"y":2.0199999809265138,"z":-5.900000095367432},"rotation":{"x":0.30268365144729617,"y":-0.173149973154068,"z":0.05600205436348915,"w":0.9355670213699341},"size":0.8660253882408142,"orthographic":true}