{"cameraMode":{"drawMode":0,"name":"Shaded","section":"Shading Mode"},"sceneLighting":true,"audioPlay":false,"sceneViewState":{"showFog":true,"showMaterialUpdate":true,"showSkybox":true,"showFlares":true,"showImageEffects":true,"showParticleSystems":true},"in2DMode":false,"pivot":{"x":69.4302978515625,"y":9.08740234375,"z":-12.50390625},"rotation":{"x":-0.014854307286441327,"y":0.9826722741127014,"z":-0.16151279211044312,"w":-0.09081752598285675},"size":5.914863586425781,"orthographic":true}