{"cameraMode":{"drawMode":0,"name":"Shaded","section":"Shading Mode"},"sceneLighting":false,"audioPlay":false,"sceneViewState":{"showFog":true,"showMaterialUpdate":true,"showSkybox":false,"showFlares":true,"showImageEffects":true,"showParticleSystems":true},"in2DMode":false,"pivot":{"x":266.9648132324219,"y":-2.974140167236328,"z":860.2951049804688},"rotation":{"x":0.1872938871383667,"y":-0.2514534294605255,"z":0.049664538353681567,"w":0.9482747912406921},"size":7.763116359710693,"orthographic":false}