{"cameraMode":{"drawMode":0,"name":"Shaded","section":"Shading Mode"},"sceneLighting":false,"audioPlay":false,"sceneViewState":{"showFog":true,"showMaterialUpdate":true,"showSkybox":false,"showFlares":true,"showImageEffects":true,"showParticleSystems":true},"in2DMode":false,"pivot":{"x":68.765625,"y":0.78314208984375,"z":-34.7818603515625},"rotation":{"x":0.03343759477138519,"y":0.8725903630256653,"z":-0.06029583513736725,"w":0.4836125671863556},"size":4.178496837615967,"orthographic":true}