{"cameraMode":{"drawMode":0,"name":"Shaded","section":"Shading Mode"},"sceneLighting":false,"audioPlay":false,"sceneViewState":{"showFog":true,"showMaterialUpdate":true,"showSkybox":false,"showFlares":true,"showImageEffects":true,"showParticleSystems":true},"in2DMode":false,"pivot":{"x":43.5003547668457,"y":3.402438163757324,"z":-5.578856468200684},"rotation":{"x":0.08934176713228226,"y":-0.9105945229530335,"z":0.27958372235298159,"w":0.2909814119338989},"size":4.375062942504883,"orthographic":true}